Document,Category
The series and actor won an award after recent developments.,Entertainment
The government and minister addressed voters after recent developments.,Politics
The machine learning and artificial intelligence uses advanced algorithms after recent developments.,Technology
The computer and software improved performance after recent developments.,Technology
The artificial intelligence and machine learning introduced new features after recent developments.,Technology
The university and research introduced a new curriculum after recent developments.,Education
The film and music received positive reviews after recent developments.,Entertainment
The business and bank increased sales after recent developments.,Business
The government and policy addressed voters after recent developments.,Politics
The technology and cybersecurity uses advanced algorithms after recent developments.,Technology
The school and education improved learning outcomes after recent developments.,Education
The campaign and leader held a public meeting after recent developments.,Politics
The startup and company expanded its operations after recent developments.,Business
The government and campaign presented a proposal after recent developments.,Politics
The player and tournament reached the final after recent developments.,Sports
The election and government addressed voters after recent developments.,Politics
The minister and policy presented a proposal after recent developments.,Politics
The business and market reported higher revenue after recent developments.,Business
The technology and cybersecurity received a major update after recent developments.,Technology
The player and player reached the final after recent developments.,Sports
The actress and actress was released worldwide after recent developments.,Entertainment
The film and film won an award after recent developments.,Entertainment
The actress and film was released worldwide after recent developments.,Entertainment
The music and series became popular online after recent developments.,Entertainment
The parliament and election announced a new policy after recent developments.,Politics
The smartphone and software received a major update after recent developments.,Technology
The campaign and political party announced a new policy after recent developments.,Politics
The parliament and government presented a proposal after recent developments.,Politics
The actor and actress received positive reviews after recent developments.,Entertainment
The parliament and political party announced a new policy after recent developments.,Politics
The actress and concert received positive reviews after recent developments.,Entertainment
The investment and bank reported higher revenue after recent developments.,Business
The campaign and policy held a public meeting after recent developments.,Politics
The music and music was released worldwide after recent developments.,Entertainment
The tennis and tennis won the match after recent developments.,Sports
The artificial intelligence and computer was launched after recent developments.,Technology
The computer and computer introduced new features after recent developments.,Technology
The cloud computing and machine learning improved performance after recent developments.,Technology
The actress and movie became popular online after recent developments.,Entertainment
The cricket and basketball performed strongly after recent developments.,Sports
The parliament and election announced a new policy after recent developments.,Politics
The cloud computing and technology uses advanced algorithms after recent developments.,Technology
The parliament and leader held a public meeting after recent developments.,Politics
The education and university completed a new course after recent developments.,Education
The actor and movie attracted a large audience after recent developments.,Entertainment
The machine learning and computer was launched after recent developments.,Technology
The machine learning and technology received a major update after recent developments.,Technology
The software and software introduced new features after recent developments.,Technology
The company and investment announced a new strategy after recent developments.,Business
The school and school improved learning outcomes after recent developments.,Education
The startup and investment reported higher revenue after recent developments.,Business
The company and market expanded its operations after recent developments.,Business
The movie and director became popular online after recent developments.,Entertainment
The leader and leader announced a new policy after recent developments.,Politics
The market and company reported higher revenue after recent developments.,Business
The bank and business announced a new strategy after recent developments.,Business
The match and player reached the final after recent developments.,Sports
The computer and technology received a major update after recent developments.,Technology
The software and artificial intelligence uses advanced algorithms after recent developments.,Technology
The school and course attended a training program after recent developments.,Education
The brand and business increased sales after recent developments.,Business
The industry and business expanded its operations after recent developments.,Business
The computer and software improved performance after recent developments.,Technology
The football and football reached the final after recent developments.,Sports
The student and college introduced a new curriculum after recent developments.,Education
The cloud computing and cybersecurity uses advanced algorithms after recent developments.,Technology
The machine learning and cybersecurity received a major update after recent developments.,Technology
The movie and actress became popular online after recent developments.,Entertainment
The concert and movie won an award after recent developments.,Entertainment
The player and basketball won the match after recent developments.,Sports
The cloud computing and cybersecurity improved performance after recent developments.,Technology
The university and education improved learning outcomes after recent developments.,Education
The student and college attended a training program after recent developments.,Education
The software and artificial intelligence uses advanced algorithms after recent developments.,Technology
The bank and industry announced a new strategy after recent developments.,Business
The minister and government discussed the issue after recent developments.,Politics
The startup and brand increased sales after recent developments.,Business
The industry and investment expanded its operations after recent developments.,Business
The technology and artificial intelligence was launched after recent developments.,Technology
The education and college attended a training program after recent developments.,Education
The concert and movie became popular online after recent developments.,Entertainment
The player and cricket scored a goal after recent developments.,Sports
The match and tournament reached the final after recent developments.,Sports
The school and course attended a training program after recent developments.,Education
The teacher and teacher completed a new course after recent developments.,Education
The team and cricket performed strongly after recent developments.,Sports
The startup and bank announced a new strategy after recent developments.,Business
The teacher and school completed a new course after recent developments.,Education
The school and research attended a training program after recent developments.,Education
The student and student completed a new course after recent developments.,Education
The music and actor became popular online after recent developments.,Entertainment
The cricket and cricket reached the final after recent developments.,Sports
The smartphone and cloud computing introduced new features after recent developments.,Technology
The leader and political party addressed voters after recent developments.,Politics
The music and film won an award after recent developments.,Entertainment
The computer and smartphone was launched after recent developments.,Technology
The technology and cloud computing uses advanced algorithms after recent developments.,Technology
The tennis and cricket won the tournament after recent developments.,Sports
The director and director won an award after recent developments.,Entertainment
The cybersecurity and computer was launched after recent developments.,Technology
The student and college completed a new course after recent developments.,Education
The company and company reported higher revenue after recent developments.,Business
The actor and movie became popular online after recent developments.,Entertainment
The director and actor became popular online after recent developments.,Entertainment
The technology and cloud computing improved performance after recent developments.,Technology
The football and basketball won the match after recent developments.,Sports
The tennis and tournament performed strongly after recent developments.,Sports
The director and concert attracted a large audience after recent developments.,Entertainment
The player and basketball performed strongly after recent developments.,Sports
The course and student started a research project after recent developments.,Education
The technology and machine learning received a major update after recent developments.,Technology
The minister and election held a public meeting after recent developments.,Politics
The investment and investment reported higher revenue after recent developments.,Business
The cricket and cricket scored a goal after recent developments.,Sports
The tournament and football performed strongly after recent developments.,Sports
The computer and smartphone introduced new features after recent developments.,Technology
The college and university improved learning outcomes after recent developments.,Education
The match and cricket won the tournament after recent developments.,Sports
The team and match won the match after recent developments.,Sports
The actor and actress attracted a large audience after recent developments.,Entertainment
The university and college introduced a new curriculum after recent developments.,Education
The leader and policy held a public meeting after recent developments.,Politics
The policy and campaign discussed the issue after recent developments.,Politics
The technology and smartphone uses advanced algorithms after recent developments.,Technology
The team and player scored a goal after recent developments.,Sports
The music and series received positive reviews after recent developments.,Entertainment
The policy and election presented a proposal after recent developments.,Politics
The research and education improved learning outcomes after recent developments.,Education
The music and actress attracted a large audience after recent developments.,Entertainment
The cloud computing and computer improved performance after recent developments.,Technology
The actress and actor won an award after recent developments.,Entertainment
The tennis and football won the tournament after recent developments.,Sports
The actor and music won an award after recent developments.,Entertainment
The policy and minister announced a new policy after recent developments.,Politics
The business and market reported higher revenue after recent developments.,Business
The basketball and player performed strongly after recent developments.,Sports
The cybersecurity and computer received a major update after recent developments.,Technology
The computer and smartphone uses advanced algorithms after recent developments.,Technology
The research and university introduced a new curriculum after recent developments.,Education
The smartphone and technology improved performance after recent developments.,Technology
The concert and concert became popular online after recent developments.,Entertainment
The smartphone and machine learning received a major update after recent developments.,Technology
The parliament and minister addressed voters after recent developments.,Politics
The team and cricket won the match after recent developments.,Sports
The market and brand announced a new strategy after recent developments.,Business
The political party and parliament discussed the issue after recent developments.,Politics
The industry and business increased sales after recent developments.,Business
The director and actor received positive reviews after recent developments.,Entertainment
The cloud computing and cybersecurity improved performance after recent developments.,Technology
The university and teacher completed a new course after recent developments.,Education
The policy and policy announced a new policy after recent developments.,Politics
The film and movie attracted a large audience after recent developments.,Entertainment
The university and university improved learning outcomes after recent developments.,Education
The parliament and government discussed the issue after recent developments.,Politics
The investment and company increased sales after recent developments.,Business
The policy and policy held a public meeting after recent developments.,Politics
The actress and movie won an award after recent developments.,Entertainment
The player and team won the tournament after recent developments.,Sports
The artificial intelligence and smartphone received a major update after recent developments.,Technology
The match and cricket scored a goal after recent developments.,Sports
The artificial intelligence and smartphone improved performance after recent developments.,Technology
The software and cloud computing introduced new features after recent developments.,Technology
The director and series won an award after recent developments.,Entertainment
The parliament and policy addressed voters after recent developments.,Politics
The team and cricket won the match after recent developments.,Sports
The basketball and team won the match after recent developments.,Sports
The political party and minister presented a proposal after recent developments.,Politics
The film and director received positive reviews after recent developments.,Entertainment
The university and education started a research project after recent developments.,Education
The cloud computing and cybersecurity received a major update after recent developments.,Technology
The match and basketball performed strongly after recent developments.,Sports
The concert and concert became popular online after recent developments.,Entertainment
The industry and investment attracted new investors after recent developments.,Business
The startup and company reported higher revenue after recent developments.,Business
The tennis and team won the match after recent developments.,Sports
The cricket and match won the tournament after recent developments.,Sports
The actress and music won an award after recent developments.,Entertainment
The investment and industry increased sales after recent developments.,Business
The software and cybersecurity received a major update after recent developments.,Technology
The government and election discussed the issue after recent developments.,Politics
The cybersecurity and computer was launched after recent developments.,Technology
The industry and business expanded its operations after recent developments.,Business
The cricket and team won the tournament after recent developments.,Sports
The football and tournament won the tournament after recent developments.,Sports
The political party and minister addressed voters after recent developments.,Politics
The school and education attended a training program after recent developments.,Education
The research and teacher completed a new course after recent developments.,Education
The cybersecurity and smartphone improved performance after recent developments.,Technology
The actress and movie won an award after recent developments.,Entertainment
The parliament and election held a public meeting after recent developments.,Politics
The startup and investment reported higher revenue after recent developments.,Business
The education and college attended a training program after recent developments.,Education
The parliament and minister presented a proposal after recent developments.,Politics
The leader and government held a public meeting after recent developments.,Politics
The research and school completed a new course after recent developments.,Education
The player and team performed strongly after recent developments.,Sports
The education and education completed a new course after recent developments.,Education
The software and artificial intelligence uses advanced algorithms after recent developments.,Technology
The school and course improved learning outcomes after recent developments.,Education
The cybersecurity and smartphone was launched after recent developments.,Technology
The teacher and course attended a training program after recent developments.,Education
The investment and industry increased sales after recent developments.,Business
The cybersecurity and smartphone received a major update after recent developments.,Technology
The machine learning and cloud computing was launched after recent developments.,Technology
The series and director attracted a large audience after recent developments.,Entertainment
The school and college improved learning outcomes after recent developments.,Education
The football and basketball reached the final after recent developments.,Sports
The investment and startup reported higher revenue after recent developments.,Business
The machine learning and machine learning improved performance after recent developments.,Technology
The school and teacher improved learning outcomes after recent developments.,Education
The basketball and basketball performed strongly after recent developments.,Sports
The film and actress won an award after recent developments.,Entertainment
The education and teacher completed a new course after recent developments.,Education
The election and minister presented a proposal after recent developments.,Politics
The smartphone and software improved performance after recent developments.,Technology
The artificial intelligence and machine learning introduced new features after recent developments.,Technology
The actor and actress became popular online after recent developments.,Entertainment
The software and technology improved performance after recent developments.,Technology
The policy and election presented a proposal after recent developments.,Politics
The football and team scored a goal after recent developments.,Sports
The actor and film attracted a large audience after recent developments.,Entertainment
The student and student introduced a new curriculum after recent developments.,Education
The business and business attracted new investors after recent developments.,Business
The industry and business expanded its operations after recent developments.,Business
The football and tournament performed strongly after recent developments.,Sports
The artificial intelligence and software introduced new features after recent developments.,Technology
The basketball and cricket scored a goal after recent developments.,Sports
The tournament and match won the tournament after recent developments.,Sports
The film and actor won an award after recent developments.,Entertainment
The parliament and parliament discussed the issue after recent developments.,Politics
The series and series attracted a large audience after recent developments.,Entertainment
The smartphone and smartphone received a major update after recent developments.,Technology
The business and business reported higher revenue after recent developments.,Business
The movie and film was released worldwide after recent developments.,Entertainment
The movie and series became popular online after recent developments.,Entertainment
The series and movie became popular online after recent developments.,Entertainment
The minister and election held a public meeting after recent developments.,Politics
The concert and director became popular online after recent developments.,Entertainment
The actress and actor won an award after recent developments.,Entertainment
The leader and parliament announced a new policy after recent developments.,Politics
The brand and business announced a new strategy after recent developments.,Business
The series and music won an award after recent developments.,Entertainment
The university and course started a research project after recent developments.,Education
The cricket and player scored a goal after recent developments.,Sports
The company and business increased sales after recent developments.,Business
The company and market increased sales after recent developments.,Business
The political party and political party held a public meeting after recent developments.,Politics
The series and series was released worldwide after recent developments.,Entertainment
The actress and movie became popular online after recent developments.,Entertainment
The market and bank increased sales after recent developments.,Business
The film and actor was released worldwide after recent developments.,Entertainment
The technology and machine learning introduced new features after recent developments.,Technology
The leader and minister announced a new policy after recent developments.,Politics
The market and brand attracted new investors after recent developments.,Business
The film and music became popular online after recent developments.,Entertainment
The education and course improved learning outcomes after recent developments.,Education
The computer and software improved performance after recent developments.,Technology
The investment and bank increased sales after recent developments.,Business
The course and research completed a new course after recent developments.,Education
The series and movie attracted a large audience after recent developments.,Entertainment
The music and film received positive reviews after recent developments.,Entertainment
The football and match won the tournament after recent developments.,Sports
The investment and bank reported higher revenue after recent developments.,Business
The course and college completed a new course after recent developments.,Education
The policy and parliament discussed the issue after recent developments.,Politics
The film and actress attracted a large audience after recent developments.,Entertainment
The industry and company expanded its operations after recent developments.,Business
The match and tennis won the tournament after recent developments.,Sports
The music and concert attracted a large audience after recent developments.,Entertainment
The college and education attended a training program after recent developments.,Education
The computer and cloud computing introduced new features after recent developments.,Technology
The basketball and match reached the final after recent developments.,Sports
The machine learning and machine learning improved performance after recent developments.,Technology
The election and campaign discussed the issue after recent developments.,Politics
The university and course completed a new course after recent developments.,Education
The government and policy held a public meeting after recent developments.,Politics
The policy and campaign presented a proposal after recent developments.,Politics
The music and director was released worldwide after recent developments.,Entertainment
The cloud computing and cybersecurity uses advanced algorithms after recent developments.,Technology
The government and policy presented a proposal after recent developments.,Politics
The actress and movie became popular online after recent developments.,Entertainment
The leader and election addressed voters after recent developments.,Politics
The movie and actress won an award after recent developments.,Entertainment
The brand and investment expanded its operations after recent developments.,Business
The tennis and tennis scored a goal after recent developments.,Sports
The startup and bank increased sales after recent developments.,Business
The tennis and tennis won the tournament after recent developments.,Sports
The policy and political party addressed voters after recent developments.,Politics
The cricket and basketball won the tournament after recent developments.,Sports
The campaign and political party addressed voters after recent developments.,Politics
The industry and company reported higher revenue after recent developments.,Business
The series and concert won an award after recent developments.,Entertainment
The tournament and tennis won the match after recent developments.,Sports
The policy and political party announced a new policy after recent developments.,Politics
The university and student started a research project after recent developments.,Education
The teacher and teacher improved learning outcomes after recent developments.,Education
The education and university introduced a new curriculum after recent developments.,Education
The election and campaign discussed the issue after recent developments.,Politics
The director and series won an award after recent developments.,Entertainment
The teacher and course completed a new course after recent developments.,Education
The smartphone and artificial intelligence introduced new features after recent developments.,Technology
The brand and company expanded its operations after recent developments.,Business
The government and government discussed the issue after recent developments.,Politics
The actress and actress received positive reviews after recent developments.,Entertainment
The software and computer was launched after recent developments.,Technology
The computer and cybersecurity received a major update after recent developments.,Technology
The campaign and campaign presented a proposal after recent developments.,Politics
The series and movie received positive reviews after recent developments.,Entertainment
The investment and company reported higher revenue after recent developments.,Business
The machine learning and smartphone received a major update after recent developments.,Technology
The computer and software improved performance after recent developments.,Technology
The concert and concert received positive reviews after recent developments.,Entertainment
The technology and computer uses advanced algorithms after recent developments.,Technology
The investment and brand expanded its operations after recent developments.,Business
The concert and concert won an award after recent developments.,Entertainment
The investment and business attracted new investors after recent developments.,Business
The bank and market attracted new investors after recent developments.,Business
The college and college improved learning outcomes after recent developments.,Education
The cybersecurity and artificial intelligence introduced new features after recent developments.,Technology
The actor and series received positive reviews after recent developments.,Entertainment
The university and research attended a training program after recent developments.,Education
The film and actress won an award after recent developments.,Entertainment
The startup and startup announced a new strategy after recent developments.,Business
The teacher and teacher started a research project after recent developments.,Education
The college and school improved learning outcomes after recent developments.,Education
The minister and parliament announced a new policy after recent developments.,Politics
The player and tennis reached the final after recent developments.,Sports
The political party and leader held a public meeting after recent developments.,Politics
The cloud computing and cybersecurity improved performance after recent developments.,Technology
The software and cloud computing received a major update after recent developments.,Technology
The campaign and government announced a new policy after recent developments.,Politics
The student and research completed a new course after recent developments.,Education
The election and political party addressed voters after recent developments.,Politics
The education and education introduced a new curriculum after recent developments.,Education
The investment and investment announced a new strategy after recent developments.,Business
The actress and actor was released worldwide after recent developments.,Entertainment
The basketball and basketball won the tournament after recent developments.,Sports
The cricket and team scored a goal after recent developments.,Sports
The business and market expanded its operations after recent developments.,Business
The market and bank announced a new strategy after recent developments.,Business
The football and team won the tournament after recent developments.,Sports
The brand and business attracted new investors after recent developments.,Business
The concert and film attracted a large audience after recent developments.,Entertainment
The music and actor attracted a large audience after recent developments.,Entertainment
The film and director became popular online after recent developments.,Entertainment
The school and school introduced a new curriculum after recent developments.,Education
The cybersecurity and artificial intelligence received a major update after recent developments.,Technology
The teacher and school completed a new course after recent developments.,Education
The smartphone and smartphone improved performance after recent developments.,Technology
The actor and film won an award after recent developments.,Entertainment
The tournament and basketball performed strongly after recent developments.,Sports
The startup and business increased sales after recent developments.,Business
The match and match won the match after recent developments.,Sports
The music and concert attracted a large audience after recent developments.,Entertainment
The student and course improved learning outcomes after recent developments.,Education
The university and college completed a new course after recent developments.,Education
The industry and company reported higher revenue after recent developments.,Business
The university and course completed a new course after recent developments.,Education
The market and business reported higher revenue after recent developments.,Business
The cricket and basketball scored a goal after recent developments.,Sports
The brand and company reported higher revenue after recent developments.,Business
The research and course attended a training program after recent developments.,Education
The director and actress was released worldwide after recent developments.,Entertainment
The movie and series received positive reviews after recent developments.,Entertainment
The film and film attracted a large audience after recent developments.,Entertainment
The education and education improved learning outcomes after recent developments.,Education
The tennis and tournament scored a goal after recent developments.,Sports
The startup and industry increased sales after recent developments.,Business
The tennis and football reached the final after recent developments.,Sports
The government and government announced a new policy after recent developments.,Politics
The tournament and cricket scored a goal after recent developments.,Sports
The actor and film attracted a large audience after recent developments.,Entertainment
The music and film won an award after recent developments.,Entertainment
The university and education introduced a new curriculum after recent developments.,Education
The film and music attracted a large audience after recent developments.,Entertainment
The school and student improved learning outcomes after recent developments.,Education
The concert and series received positive reviews after recent developments.,Entertainment
The leader and government addressed voters after recent developments.,Politics
The policy and policy held a public meeting after recent developments.,Politics
The match and tournament performed strongly after recent developments.,Sports
The government and policy addressed voters after recent developments.,Politics
The director and series became popular online after recent developments.,Entertainment
The movie and concert won an award after recent developments.,Entertainment
The research and teacher improved learning outcomes after recent developments.,Education
The research and teacher completed a new course after recent developments.,Education
The smartphone and software received a major update after recent developments.,Technology
The film and actor received positive reviews after recent developments.,Entertainment
The director and film attracted a large audience after recent developments.,Entertainment
The smartphone and computer received a major update after recent developments.,Technology
The actress and music was released worldwide after recent developments.,Entertainment
The market and market reported higher revenue after recent developments.,Business
The course and research attended a training program after recent developments.,Education
The government and parliament held a public meeting after recent developments.,Politics
The startup and company attracted new investors after recent developments.,Business
The policy and leader addressed voters after recent developments.,Politics
The startup and investment increased sales after recent developments.,Business
The football and player won the match after recent developments.,Sports
The policy and leader addressed voters after recent developments.,Politics
The policy and election discussed the issue after recent developments.,Politics
The course and teacher introduced a new curriculum after recent developments.,Education
The university and research introduced a new curriculum after recent developments.,Education
The computer and computer received a major update after recent developments.,Technology
The election and political party presented a proposal after recent developments.,Politics
The music and director attracted a large audience after recent developments.,Entertainment
The cloud computing and cybersecurity received a major update after recent developments.,Technology
The teacher and student completed a new course after recent developments.,Education
The machine learning and smartphone improved performance after recent developments.,Technology
The cybersecurity and software was launched after recent developments.,Technology
The tennis and player won the match after recent developments.,Sports
The government and political party addressed voters after recent developments.,Politics
The actor and concert received positive reviews after recent developments.,Entertainment
The software and computer received a major update after recent developments.,Technology
The education and university improved learning outcomes after recent developments.,Education
The football and team performed strongly after recent developments.,Sports
The bank and industry expanded its operations after recent developments.,Business
The bank and company reported higher revenue after recent developments.,Business
The tennis and player performed strongly after recent developments.,Sports
The series and concert was released worldwide after recent developments.,Entertainment
The business and startup increased sales after recent developments.,Business
The campaign and minister addressed voters after recent developments.,Politics
The technology and computer was launched after recent developments.,Technology
The brand and market attracted new investors after recent developments.,Business
The cloud computing and machine learning received a major update after recent developments.,Technology
The startup and bank expanded its operations after recent developments.,Business
The course and education completed a new course after recent developments.,Education
The series and actor won an award after recent developments.,Entertainment
The university and student attended a training program after recent developments.,Education
The cybersecurity and artificial intelligence received a major update after recent developments.,Technology
The technology and computer was launched after recent developments.,Technology
The government and political party announced a new policy after recent developments.,Politics
The startup and brand attracted new investors after recent developments.,Business
The match and basketball won the tournament after recent developments.,Sports
The technology and smartphone was launched after recent developments.,Technology
The cloud computing and technology introduced new features after recent developments.,Technology
The industry and business announced a new strategy after recent developments.,Business
The startup and bank attracted new investors after recent developments.,Business
The course and research improved learning outcomes after recent developments.,Education
The artificial intelligence and computer received a major update after recent developments.,Technology
The basketball and match won the match after recent developments.,Sports
The student and university attended a training program after recent developments.,Education
The director and movie attracted a large audience after recent developments.,Entertainment
The brand and investment announced a new strategy after recent developments.,Business
The team and basketball won the match after recent developments.,Sports
The campaign and minister addressed voters after recent developments.,Politics
The tennis and team scored a goal after recent developments.,Sports
The concert and music won an award after recent developments.,Entertainment
The school and research started a research project after recent developments.,Education
The investment and startup expanded its operations after recent developments.,Business
The music and movie attracted a large audience after recent developments.,Entertainment
The political party and election held a public meeting after recent developments.,Politics
The technology and artificial intelligence was launched after recent developments.,Technology
The industry and market increased sales after recent developments.,Business
The tennis and basketball won the tournament after recent developments.,Sports
The research and course introduced a new curriculum after recent developments.,Education
The university and college started a research project after recent developments.,Education
The actress and film attracted a large audience after recent developments.,Entertainment
The actor and movie received positive reviews after recent developments.,Entertainment
The movie and actress attracted a large audience after recent developments.,Entertainment
The tournament and match performed strongly after recent developments.,Sports
The tennis and cricket won the match after recent developments.,Sports
The industry and market expanded its operations after recent developments.,Business
The machine learning and machine learning received a major update after recent developments.,Technology
The cybersecurity and artificial intelligence was launched after recent developments.,Technology
The business and market announced a new strategy after recent developments.,Business
The software and computer was launched after recent developments.,Technology
The startup and market increased sales after recent developments.,Business
The brand and startup attracted new investors after recent developments.,Business
The series and actress attracted a large audience after recent developments.,Entertainment
The startup and business announced a new strategy after recent developments.,Business
The election and election presented a proposal after recent developments.,Politics
The team and football performed strongly after recent developments.,Sports
The film and film won an award after recent developments.,Entertainment
The software and cloud computing uses advanced algorithms after recent developments.,Technology
The software and technology improved performance after recent developments.,Technology
The business and company attracted new investors after recent developments.,Business
The machine learning and cybersecurity improved performance after recent developments.,Technology
The company and investment expanded its operations after recent developments.,Business
The basketball and football performed strongly after recent developments.,Sports
The business and startup expanded its operations after recent developments.,Business
The bank and bank announced a new strategy after recent developments.,Business
The policy and government held a public meeting after recent developments.,Politics
The machine learning and cloud computing received a major update after recent developments.,Technology
The course and school introduced a new curriculum after recent developments.,Education
The political party and campaign presented a proposal after recent developments.,Politics
The student and college completed a new course after recent developments.,Education
The bank and company expanded its operations after recent developments.,Business
The basketball and match won the match after recent developments.,Sports
The government and policy announced a new policy after recent developments.,Politics
The policy and campaign announced a new policy after recent developments.,Politics
The business and brand expanded its operations after recent developments.,Business
The software and computer was launched after recent developments.,Technology
The education and student introduced a new curriculum after recent developments.,Education
The parliament and political party addressed voters after recent developments.,Politics
The parliament and policy held a public meeting after recent developments.,Politics
The election and policy held a public meeting after recent developments.,Politics
The bank and company attracted new investors after recent developments.,Business
The bank and company expanded its operations after recent developments.,Business
The football and football won the tournament after recent developments.,Sports
The concert and actor became popular online after recent developments.,Entertainment
The director and actor attracted a large audience after recent developments.,Entertainment
The smartphone and technology introduced new features after recent developments.,Technology
The government and political party addressed voters after recent developments.,Politics
The industry and business attracted new investors after recent developments.,Business
The football and football scored a goal after recent developments.,Sports
The industry and investment increased sales after recent developments.,Business
The actress and film received positive reviews after recent developments.,Entertainment
The tournament and football performed strongly after recent developments.,Sports
The software and computer was launched after recent developments.,Technology
The artificial intelligence and artificial intelligence was launched after recent developments.,Technology
The movie and concert attracted a large audience after recent developments.,Entertainment
The cybersecurity and smartphone was launched after recent developments.,Technology
The bank and startup expanded its operations after recent developments.,Business
The parliament and leader announced a new policy after recent developments.,Politics
The leader and campaign discussed the issue after recent developments.,Politics
The director and director was released worldwide after recent developments.,Entertainment
The cybersecurity and computer was launched after recent developments.,Technology
The match and tournament won the match after recent developments.,Sports
The machine learning and cloud computing received a major update after recent developments.,Technology
The government and campaign presented a proposal after recent developments.,Politics
The election and political party discussed the issue after recent developments.,Politics
The policy and minister held a public meeting after recent developments.,Politics
The music and music received positive reviews after recent developments.,Entertainment
The film and actor received positive reviews after recent developments.,Entertainment
The business and market announced a new strategy after recent developments.,Business
The school and student improved learning outcomes after recent developments.,Education
The student and course introduced a new curriculum after recent developments.,Education
The market and business announced a new strategy after recent developments.,Business
The research and university attended a training program after recent developments.,Education
The cybersecurity and software uses advanced algorithms after recent developments.,Technology
The investment and company reported higher revenue after recent developments.,Business
The parliament and election discussed the issue after recent developments.,Politics
The basketball and cricket reached the final after recent developments.,Sports
The film and movie was released worldwide after recent developments.,Entertainment
The political party and policy presented a proposal after recent developments.,Politics
The industry and industry attracted new investors after recent developments.,Business
The school and university introduced a new curriculum after recent developments.,Education
The minister and campaign discussed the issue after recent developments.,Politics
The movie and movie won an award after recent developments.,Entertainment
The education and student attended a training program after recent developments.,Education
The artificial intelligence and machine learning was launched after recent developments.,Technology
The leader and government presented a proposal after recent developments.,Politics
The movie and film was released worldwide after recent developments.,Entertainment
The technology and software improved performance after recent developments.,Technology
The brand and brand expanded its operations after recent developments.,Business
The parliament and election discussed the issue after recent developments.,Politics
The actor and film received positive reviews after recent developments.,Entertainment
The business and market increased sales after recent developments.,Business
The software and smartphone improved performance after recent developments.,Technology
The smartphone and computer was launched after recent developments.,Technology
The cloud computing and cybersecurity uses advanced algorithms after recent developments.,Technology
The university and education improved learning outcomes after recent developments.,Education
The political party and election presented a proposal after recent developments.,Politics
The startup and company attracted new investors after recent developments.,Business
The government and political party held a public meeting after recent developments.,Politics
The industry and company announced a new strategy after recent developments.,Business
The software and technology improved performance after recent developments.,Technology
The technology and artificial intelligence received a major update after recent developments.,Technology
The government and government presented a proposal after recent developments.,Politics
The research and research attended a training program after recent developments.,Education
The tennis and player scored a goal after recent developments.,Sports
The cricket and cricket won the match after recent developments.,Sports
The software and smartphone uses advanced algorithms after recent developments.,Technology
The teacher and education attended a training program after recent developments.,Education
The policy and minister addressed voters after recent developments.,Politics
The student and school introduced a new curriculum after recent developments.,Education
The team and tennis scored a goal after recent developments.,Sports
The market and investment attracted new investors after recent developments.,Business
The brand and business announced a new strategy after recent developments.,Business
The course and university introduced a new curriculum after recent developments.,Education
The teacher and university started a research project after recent developments.,Education
The bank and brand reported higher revenue after recent developments.,Business
The football and cricket scored a goal after recent developments.,Sports
The government and leader presented a proposal after recent developments.,Politics
The film and music won an award after recent developments.,Entertainment
The tournament and player performed strongly after recent developments.,Sports
The college and teacher completed a new course after recent developments.,Education
The computer and computer was launched after recent developments.,Technology
The computer and computer improved performance after recent developments.,Technology
The software and cloud computing uses advanced algorithms after recent developments.,Technology
The teacher and school introduced a new curriculum after recent developments.,Education
The concert and actress won an award after recent developments.,Entertainment
The startup and industry increased sales after recent developments.,Business
The minister and government presented a proposal after recent developments.,Politics
The university and college started a research project after recent developments.,Education
The minister and political party discussed the issue after recent developments.,Politics
The startup and startup increased sales after recent developments.,Business
The startup and investment increased sales after recent developments.,Business
The music and music became popular online after recent developments.,Entertainment
The tennis and player reached the final after recent developments.,Sports
The policy and parliament addressed voters after recent developments.,Politics
The cybersecurity and cybersecurity introduced new features after recent developments.,Technology
The cybersecurity and cloud computing received a major update after recent developments.,Technology
The basketball and team reached the final after recent developments.,Sports
The college and course started a research project after recent developments.,Education
The brand and market reported higher revenue after recent developments.,Business
The campaign and government held a public meeting after recent developments.,Politics
The team and football performed strongly after recent developments.,Sports
The investment and business expanded its operations after recent developments.,Business
The football and tournament performed strongly after recent developments.,Sports
The player and match won the tournament after recent developments.,Sports
The bank and investment expanded its operations after recent developments.,Business
The research and university attended a training program after recent developments.,Education
The teacher and education started a research project after recent developments.,Education
The actress and concert became popular online after recent developments.,Entertainment
The political party and leader presented a proposal after recent developments.,Politics
The startup and bank expanded its operations after recent developments.,Business
The election and government addressed voters after recent developments.,Politics
The university and school introduced a new curriculum after recent developments.,Education
The minister and political party held a public meeting after recent developments.,Politics
The cybersecurity and technology improved performance after recent developments.,Technology
The technology and computer introduced new features after recent developments.,Technology
The artificial intelligence and cybersecurity improved performance after recent developments.,Technology
The artificial intelligence and smartphone introduced new features after recent developments.,Technology
The campaign and political party held a public meeting after recent developments.,Politics
The school and university introduced a new curriculum after recent developments.,Education
The series and film became popular online after recent developments.,Entertainment
The cloud computing and technology introduced new features after recent developments.,Technology
The company and investment reported higher revenue after recent developments.,Business
The startup and market increased sales after recent developments.,Business
The college and education completed a new course after recent developments.,Education
The election and policy addressed voters after recent developments.,Politics
The music and concert won an award after recent developments.,Entertainment
The concert and series won an award after recent developments.,Entertainment
The football and basketball reached the final after recent developments.,Sports
The startup and company expanded its operations after recent developments.,Business
The education and university completed a new course after recent developments.,Education
The school and course improved learning outcomes after recent developments.,Education
The director and music was released worldwide after recent developments.,Entertainment
The football and player won the match after recent developments.,Sports
The software and computer improved performance after recent developments.,Technology
The investment and market reported higher revenue after recent developments.,Business
The school and university attended a training program after recent developments.,Education
The basketball and cricket won the tournament after recent developments.,Sports
The actress and film received positive reviews after recent developments.,Entertainment
The teacher and course introduced a new curriculum after recent developments.,Education
The company and business announced a new strategy after recent developments.,Business
The school and college improved learning outcomes after recent developments.,Education
The startup and brand attracted new investors after recent developments.,Business
The team and tournament performed strongly after recent developments.,Sports
The policy and leader addressed voters after recent developments.,Politics
The actor and movie became popular online after recent developments.,Entertainment
The research and education introduced a new curriculum after recent developments.,Education
The investment and bank attracted new investors after recent developments.,Business
The political party and election addressed voters after recent developments.,Politics
The startup and brand increased sales after recent developments.,Business
The music and actress attracted a large audience after recent developments.,Entertainment
The government and campaign held a public meeting after recent developments.,Politics
The actress and director attracted a large audience after recent developments.,Entertainment
The smartphone and cloud computing was launched after recent developments.,Technology
The industry and startup reported higher revenue after recent developments.,Business
The computer and technology was launched after recent developments.,Technology
The business and company expanded its operations after recent developments.,Business
The match and player scored a goal after recent developments.,Sports
The tournament and match scored a goal after recent developments.,Sports
The machine learning and machine learning improved performance after recent developments.,Technology
The music and actor attracted a large audience after recent developments.,Entertainment
The college and school started a research project after recent developments.,Education
The leader and campaign discussed the issue after recent developments.,Politics
The basketball and football won the tournament after recent developments.,Sports
The political party and parliament discussed the issue after recent developments.,Politics
The cricket and tournament scored a goal after recent developments.,Sports
The policy and government presented a proposal after recent developments.,Politics
The actress and actor was released worldwide after recent developments.,Entertainment
The college and teacher attended a training program after recent developments.,Education
The brand and brand attracted new investors after recent developments.,Business
The university and education improved learning outcomes after recent developments.,Education
The college and university introduced a new curriculum after recent developments.,Education
The industry and brand reported higher revenue after recent developments.,Business
The university and education started a research project after recent developments.,Education
The cybersecurity and cloud computing received a major update after recent developments.,Technology
The tournament and football performed strongly after recent developments.,Sports
The cybersecurity and machine learning was launched after recent developments.,Technology
The bank and industry announced a new strategy after recent developments.,Business
The tennis and basketball reached the final after recent developments.,Sports
The tennis and tennis reached the final after recent developments.,Sports
The computer and computer improved performance after recent developments.,Technology
The basketball and match performed strongly after recent developments.,Sports
The research and course completed a new course after recent developments.,Education
The football and tennis performed strongly after recent developments.,Sports
The team and basketball reached the final after recent developments.,Sports
The university and school started a research project after recent developments.,Education
The education and college attended a training program after recent developments.,Education
The football and tennis scored a goal after recent developments.,Sports
The political party and policy held a public meeting after recent developments.,Politics
The bank and market expanded its operations after recent developments.,Business
The team and basketball scored a goal after recent developments.,Sports
The minister and minister presented a proposal after recent developments.,Politics
The bank and investment announced a new strategy after recent developments.,Business
The school and college introduced a new curriculum after recent developments.,Education
The actress and concert was released worldwide after recent developments.,Entertainment
The campaign and policy presented a proposal after recent developments.,Politics
The teacher and student introduced a new curriculum after recent developments.,Education
The startup and business expanded its operations after recent developments.,Business
The film and music won an award after recent developments.,Entertainment
The company and industry attracted new investors after recent developments.,Business
The computer and artificial intelligence introduced new features after recent developments.,Technology
The music and actor won an award after recent developments.,Entertainment
The political party and government held a public meeting after recent developments.,Politics
The political party and minister addressed voters after recent developments.,Politics
The school and education attended a training program after recent developments.,Education
The cricket and cricket won the tournament after recent developments.,Sports
The course and student completed a new course after recent developments.,Education
The tennis and basketball performed strongly after recent developments.,Sports
The brand and business expanded its operations after recent developments.,Business
The bank and brand expanded its operations after recent developments.,Business
The cricket and tennis performed strongly after recent developments.,Sports
The cybersecurity and machine learning improved performance after recent developments.,Technology
The brand and startup increased sales after recent developments.,Business
The software and artificial intelligence uses advanced algorithms after recent developments.,Technology
The startup and company expanded its operations after recent developments.,Business
The research and teacher completed a new course after recent developments.,Education
The teacher and course completed a new course after recent developments.,Education
The match and basketball scored a goal after recent developments.,Sports
The policy and election announced a new policy after recent developments.,Politics
The tournament and team performed strongly after recent developments.,Sports
The tennis and football reached the final after recent developments.,Sports
The director and music received positive reviews after recent developments.,Entertainment
The cricket and cricket scored a goal after recent developments.,Sports
The education and college improved learning outcomes after recent developments.,Education
The football and player scored a goal after recent developments.,Sports
The brand and company reported higher revenue after recent developments.,Business
The film and music attracted a large audience after recent developments.,Entertainment
The actress and concert attracted a large audience after recent developments.,Entertainment
The leader and leader addressed voters after recent developments.,Politics
The course and research attended a training program after recent developments.,Education
The cricket and team won the tournament after recent developments.,Sports
The team and player won the match after recent developments.,Sports
The music and series won an award after recent developments.,Entertainment
The tennis and football scored a goal after recent developments.,Sports
The actress and actress received positive reviews after recent developments.,Entertainment
The player and football won the match after recent developments.,Sports
The business and company announced a new strategy after recent developments.,Business
The government and government presented a proposal after recent developments.,Politics
The technology and cloud computing improved performance after recent developments.,Technology
The basketball and cricket reached the final after recent developments.,Sports
The player and tournament reached the final after recent developments.,Sports
The artificial intelligence and artificial intelligence uses advanced algorithms after recent developments.,Technology
The machine learning and cybersecurity introduced new features after recent developments.,Technology
The industry and startup reported higher revenue after recent developments.,Business
The cybersecurity and artificial intelligence uses advanced algorithms after recent developments.,Technology
The team and football reached the final after recent developments.,Sports
The college and teacher improved learning outcomes after recent developments.,Education
The market and business attracted new investors after recent developments.,Business
The university and teacher improved learning outcomes after recent developments.,Education
The school and student introduced a new curriculum after recent developments.,Education
The basketball and basketball won the match after recent developments.,Sports
The cybersecurity and software introduced new features after recent developments.,Technology
The tournament and team won the match after recent developments.,Sports
The campaign and minister announced a new policy after recent developments.,Politics
The film and movie attracted a large audience after recent developments.,Entertainment
The government and policy discussed the issue after recent developments.,Politics
The smartphone and computer received a major update after recent developments.,Technology
The minister and leader presented a proposal after recent developments.,Politics
The actor and series attracted a large audience after recent developments.,Entertainment
The startup and market announced a new strategy after recent developments.,Business
The technology and machine learning uses advanced algorithms after recent developments.,Technology
The cricket and cricket performed strongly after recent developments.,Sports
The movie and music received positive reviews after recent developments.,Entertainment
The software and smartphone received a major update after recent developments.,Technology
The artificial intelligence and cybersecurity introduced new features after recent developments.,Technology
The football and tournament won the tournament after recent developments.,Sports
The series and series received positive reviews after recent developments.,Entertainment
The market and bank expanded its operations after recent developments.,Business
The match and match scored a goal after recent developments.,Sports
The series and concert won an award after recent developments.,Entertainment
The series and actress won an award after recent developments.,Entertainment
The football and tournament won the tournament after recent developments.,Sports
The cricket and tennis reached the final after recent developments.,Sports
The school and education introduced a new curriculum after recent developments.,Education
The team and match scored a goal after recent developments.,Sports
The concert and movie attracted a large audience after recent developments.,Entertainment
The artificial intelligence and computer improved performance after recent developments.,Technology
The cybersecurity and cloud computing uses advanced algorithms after recent developments.,Technology
The teacher and teacher completed a new course after recent developments.,Education
The investment and bank reported higher revenue after recent developments.,Business
The college and course attended a training program after recent developments.,Education
The actress and director was released worldwide after recent developments.,Entertainment
The teacher and school started a research project after recent developments.,Education
The actor and film received positive reviews after recent developments.,Entertainment
The tournament and player scored a goal after recent developments.,Sports
The match and basketball scored a goal after recent developments.,Sports
The education and university introduced a new curriculum after recent developments.,Education
The team and football won the match after recent developments.,Sports
The artificial intelligence and technology improved performance after recent developments.,Technology
The university and education improved learning outcomes after recent developments.,Education
The industry and industry increased sales after recent developments.,Business
The teacher and teacher attended a training program after recent developments.,Education
The director and actress received positive reviews after recent developments.,Entertainment
The artificial intelligence and artificial intelligence introduced new features after recent developments.,Technology
The university and school started a research project after recent developments.,Education
The industry and investment announced a new strategy after recent developments.,Business
The movie and music won an award after recent developments.,Entertainment
The research and education attended a training program after recent developments.,Education
The music and movie won an award after recent developments.,Entertainment
The software and cybersecurity received a major update after recent developments.,Technology
The election and parliament announced a new policy after recent developments.,Politics
The school and education improved learning outcomes after recent developments.,Education
The minister and policy addressed voters after recent developments.,Politics
The match and match reached the final after recent developments.,Sports
The market and business increased sales after recent developments.,Business
The minister and government addressed voters after recent developments.,Politics
The company and brand attracted new investors after recent developments.,Business
The teacher and teacher improved learning outcomes after recent developments.,Education
The teacher and university improved learning outcomes after recent developments.,Education
The tournament and basketball performed strongly after recent developments.,Sports
The technology and cloud computing was launched after recent developments.,Technology
The university and student completed a new course after recent developments.,Education
The election and minister held a public meeting after recent developments.,Politics
The cricket and tennis scored a goal after recent developments.,Sports
The football and player performed strongly after recent developments.,Sports
The tennis and tournament won the tournament after recent developments.,Sports
The government and government announced a new policy after recent developments.,Politics
The smartphone and technology received a major update after recent developments.,Technology
The director and director was released worldwide after recent developments.,Entertainment
The team and basketball reached the final after recent developments.,Sports
The film and actor attracted a large audience after recent developments.,Entertainment
The smartphone and cybersecurity received a major update after recent developments.,Technology
The campaign and leader presented a proposal after recent developments.,Politics
The series and concert was released worldwide after recent developments.,Entertainment
The football and basketball scored a goal after recent developments.,Sports
The technology and computer uses advanced algorithms after recent developments.,Technology
The school and research started a research project after recent developments.,Education
The startup and bank reported higher revenue after recent developments.,Business
The artificial intelligence and artificial intelligence was launched after recent developments.,Technology
The business and investment expanded its operations after recent developments.,Business
The computer and machine learning introduced new features after recent developments.,Technology
The series and actress received positive reviews after recent developments.,Entertainment
The director and music won an award after recent developments.,Entertainment
The company and industry increased sales after recent developments.,Business
The political party and parliament held a public meeting after recent developments.,Politics
The research and course improved learning outcomes after recent developments.,Education
The computer and smartphone uses advanced algorithms after recent developments.,Technology
The brand and business increased sales after recent developments.,Business
The leader and minister addressed voters after recent developments.,Politics
The team and football won the match after recent developments.,Sports
The business and market expanded its operations after recent developments.,Business
The music and actor received positive reviews after recent developments.,Entertainment
The industry and investment announced a new strategy after recent developments.,Business
The minister and political party announced a new policy after recent developments.,Politics
The bank and market expanded its operations after recent developments.,Business
The startup and industry attracted new investors after recent developments.,Business
The basketball and cricket reached the final after recent developments.,Sports
The minister and leader discussed the issue after recent developments.,Politics
The business and startup reported higher revenue after recent developments.,Business
The education and university improved learning outcomes after recent developments.,Education
The series and music won an award after recent developments.,Entertainment
The teacher and education attended a training program after recent developments.,Education
The research and education improved learning outcomes after recent developments.,Education
The parliament and parliament addressed voters after recent developments.,Politics
The team and basketball scored a goal after recent developments.,Sports
The school and course started a research project after recent developments.,Education
The market and bank increased sales after recent developments.,Business
The series and film received positive reviews after recent developments.,Entertainment
The artificial intelligence and cloud computing introduced new features after recent developments.,Technology
The student and research attended a training program after recent developments.,Education
The industry and startup increased sales after recent developments.,Business
The software and cloud computing received a major update after recent developments.,Technology
The director and director was released worldwide after recent developments.,Entertainment
The director and director attracted a large audience after recent developments.,Entertainment
The concert and director was released worldwide after recent developments.,Entertainment
The cloud computing and computer uses advanced algorithms after recent developments.,Technology
The series and director attracted a large audience after recent developments.,Entertainment
The computer and technology uses advanced algorithms after recent developments.,Technology
The concert and film attracted a large audience after recent developments.,Entertainment
The teacher and school started a research project after recent developments.,Education
The player and tennis scored a goal after recent developments.,Sports
The brand and market attracted new investors after recent developments.,Business
The series and film received positive reviews after recent developments.,Entertainment
The series and actor received positive reviews after recent developments.,Entertainment
The director and actor won an award after recent developments.,Entertainment
The political party and minister addressed voters after recent developments.,Politics
The technology and computer received a major update after recent developments.,Technology
The startup and bank announced a new strategy after recent developments.,Business
The director and film received positive reviews after recent developments.,Entertainment
The match and tennis performed strongly after recent developments.,Sports
The actress and movie was released worldwide after recent developments.,Entertainment
The match and basketball won the tournament after recent developments.,Sports
The election and leader addressed voters after recent developments.,Politics
The minister and government announced a new policy after recent developments.,Politics
The football and team reached the final after recent developments.,Sports
The football and team won the match after recent developments.,Sports
The team and match performed strongly after recent developments.,Sports
The school and school completed a new course after recent developments.,Education
The education and student started a research project after recent developments.,Education
The course and college introduced a new curriculum after recent developments.,Education
The business and company announced a new strategy after recent developments.,Business
The concert and actress became popular online after recent developments.,Entertainment
The industry and startup announced a new strategy after recent developments.,Business
The teacher and teacher completed a new course after recent developments.,Education
The team and match won the match after recent developments.,Sports
The actress and concert was released worldwide after recent developments.,Entertainment
The college and student completed a new course after recent developments.,Education
The cloud computing and cybersecurity was launched after recent developments.,Technology
The artificial intelligence and artificial intelligence uses advanced algorithms after recent developments.,Technology
The bank and startup reported higher revenue after recent developments.,Business
The director and movie won an award after recent developments.,Entertainment
The bank and brand reported higher revenue after recent developments.,Business
The election and parliament presented a proposal after recent developments.,Politics
The cloud computing and machine learning improved performance after recent developments.,Technology
The cloud computing and software improved performance after recent developments.,Technology
The player and basketball won the tournament after recent developments.,Sports
The machine learning and computer introduced new features after recent developments.,Technology
The course and university introduced a new curriculum after recent developments.,Education
The research and student started a research project after recent developments.,Education
The policy and government addressed voters after recent developments.,Politics
The machine learning and artificial intelligence improved performance after recent developments.,Technology
The policy and government discussed the issue after recent developments.,Politics
The player and tennis won the tournament after recent developments.,Sports
The investment and company announced a new strategy after recent developments.,Business
The campaign and minister addressed voters after recent developments.,Politics
The actress and music attracted a large audience after recent developments.,Entertainment
The parliament and minister held a public meeting after recent developments.,Politics
The player and cricket won the match after recent developments.,Sports
The computer and artificial intelligence uses advanced algorithms after recent developments.,Technology
The player and team won the match after recent developments.,Sports
The director and actress attracted a large audience after recent developments.,Entertainment
The bank and brand expanded its operations after recent developments.,Business
The course and course completed a new course after recent developments.,Education
The brand and brand expanded its operations after recent developments.,Business
The football and basketball reached the final after recent developments.,Sports
The leader and government discussed the issue after recent developments.,Politics
The tournament and tournament performed strongly after recent developments.,Sports
The university and school completed a new course after recent developments.,Education
The director and actor won an award after recent developments.,Entertainment
The school and education improved learning outcomes after recent developments.,Education
The computer and software received a major update after recent developments.,Technology
The smartphone and smartphone uses advanced algorithms after recent developments.,Technology
The match and football reached the final after recent developments.,Sports
The research and education introduced a new curriculum after recent developments.,Education
The tournament and match reached the final after recent developments.,Sports
The smartphone and cybersecurity was launched after recent developments.,Technology
The election and election discussed the issue after recent developments.,Politics
The cybersecurity and technology introduced new features after recent developments.,Technology
The election and leader discussed the issue after recent developments.,Politics
The series and actress received positive reviews after recent developments.,Entertainment
The machine learning and machine learning was launched after recent developments.,Technology
The political party and parliament held a public meeting after recent developments.,Politics
The college and teacher improved learning outcomes after recent developments.,Education
The artificial intelligence and cloud computing introduced new features after recent developments.,Technology
The computer and machine learning was launched after recent developments.,Technology
The leader and leader presented a proposal after recent developments.,Politics
The software and artificial intelligence received a major update after recent developments.,Technology
The machine learning and cloud computing improved performance after recent developments.,Technology
The team and match scored a goal after recent developments.,Sports
The basketball and tournament won the tournament after recent developments.,Sports
The market and industry increased sales after recent developments.,Business
The basketball and team performed strongly after recent developments.,Sports
The campaign and campaign discussed the issue after recent developments.,Politics
The parliament and leader held a public meeting after recent developments.,Politics
The education and research introduced a new curriculum after recent developments.,Education
The policy and political party addressed voters after recent developments.,Politics
The tournament and player won the match after recent developments.,Sports
The basketball and cricket scored a goal after recent developments.,Sports
The company and company reported higher revenue after recent developments.,Business
The team and match won the tournament after recent developments.,Sports
The brand and investment expanded its operations after recent developments.,Business
The director and series attracted a large audience after recent developments.,Entertainment
The leader and political party held a public meeting after recent developments.,Politics
The research and university started a research project after recent developments.,Education
The software and technology improved performance after recent developments.,Technology
The teacher and course attended a training program after recent developments.,Education
The basketball and team reached the final after recent developments.,Sports
The government and policy addressed voters after recent developments.,Politics
The investment and bank reported higher revenue after recent developments.,Business
The university and education attended a training program after recent developments.,Education
The company and brand expanded its operations after recent developments.,Business
The course and research introduced a new curriculum after recent developments.,Education
The player and basketball won the match after recent developments.,Sports
The industry and business reported higher revenue after recent developments.,Business
The cricket and football won the tournament after recent developments.,Sports
The team and basketball reached the final after recent developments.,Sports
The basketball and football won the tournament after recent developments.,Sports
The policy and election addressed voters after recent developments.,Politics
The football and tennis performed strongly after recent developments.,Sports
The actress and movie received positive reviews after recent developments.,Entertainment
The teacher and college improved learning outcomes after recent developments.,Education
The tournament and tournament won the tournament after recent developments.,Sports
The tennis and football reached the final after recent developments.,Sports
The investment and investment announced a new strategy after recent developments.,Business
The team and basketball reached the final after recent developments.,Sports
The football and football won the match after recent developments.,Sports
The business and industry increased sales after recent developments.,Business
The student and student completed a new course after recent developments.,Education
The policy and election addressed voters after recent developments.,Politics
The minister and campaign discussed the issue after recent developments.,Politics
The smartphone and artificial intelligence introduced new features after recent developments.,Technology
The computer and cloud computing was launched after recent developments.,Technology
The education and university introduced a new curriculum after recent developments.,Education
The student and education completed a new course after recent developments.,Education
The match and team reached the final after recent developments.,Sports
The director and movie became popular online after recent developments.,Entertainment
The actor and music won an award after recent developments.,Entertainment
The tournament and football performed strongly after recent developments.,Sports
The college and school introduced a new curriculum after recent developments.,Education
The election and minister announced a new policy after recent developments.,Politics
The software and technology improved performance after recent developments.,Technology
The market and investment attracted new investors after recent developments.,Business
The teacher and course attended a training program after recent developments.,Education
The leader and policy discussed the issue after recent developments.,Politics
The artificial intelligence and smartphone was launched after recent developments.,Technology
The market and bank attracted new investors after recent developments.,Business
The investment and startup expanded its operations after recent developments.,Business
The election and minister held a public meeting after recent developments.,Politics
The artificial intelligence and machine learning improved performance after recent developments.,Technology
The cybersecurity and computer was launched after recent developments.,Technology
The basketball and football won the match after recent developments.,Sports
The course and university started a research project after recent developments.,Education
The match and tennis won the tournament after recent developments.,Sports
The cybersecurity and software was launched after recent developments.,Technology
The cloud computing and cybersecurity introduced new features after recent developments.,Technology
The company and business attracted new investors after recent developments.,Business
The tournament and match reached the final after recent developments.,Sports
The football and player scored a goal after recent developments.,Sports
The parliament and minister held a public meeting after recent developments.,Politics
The series and film attracted a large audience after recent developments.,Entertainment
The computer and technology uses advanced algorithms after recent developments.,Technology
The campaign and parliament discussed the issue after recent developments.,Politics
The course and research started a research project after recent developments.,Education
The company and brand reported higher revenue after recent developments.,Business
The tournament and football won the tournament after recent developments.,Sports
The parliament and political party presented a proposal after recent developments.,Politics
The smartphone and machine learning introduced new features after recent developments.,Technology
The actor and movie won an award after recent developments.,Entertainment
The university and school completed a new course after recent developments.,Education
The movie and music won an award after recent developments.,Entertainment
The political party and election discussed the issue after recent developments.,Politics
The technology and cloud computing uses advanced algorithms after recent developments.,Technology
The basketball and match won the match after recent developments.,Sports
The market and startup announced a new strategy after recent developments.,Business
The election and policy addressed voters after recent developments.,Politics
The series and actor received positive reviews after recent developments.,Entertainment
The education and college introduced a new curriculum after recent developments.,Education
The investment and brand increased sales after recent developments.,Business
The match and basketball scored a goal after recent developments.,Sports
The research and course completed a new course after recent developments.,Education
The software and machine learning improved performance after recent developments.,Technology
The business and investment reported higher revenue after recent developments.,Business
The research and teacher completed a new course after recent developments.,Education
The election and minister addressed voters after recent developments.,Politics
The bank and industry announced a new strategy after recent developments.,Business
The cybersecurity and cloud computing improved performance after recent developments.,Technology
The university and school introduced a new curriculum after recent developments.,Education
The bank and investment increased sales after recent developments.,Business
The cricket and tournament reached the final after recent developments.,Sports
The smartphone and cloud computing was launched after recent developments.,Technology
The election and minister presented a proposal after recent developments.,Politics
The university and teacher attended a training program after recent developments.,Education
The startup and business attracted new investors after recent developments.,Business
The leader and government announced a new policy after recent developments.,Politics
The player and team won the match after recent developments.,Sports
The university and research introduced a new curriculum after recent developments.,Education
The movie and film became popular online after recent developments.,Entertainment
The political party and policy addressed voters after recent developments.,Politics
The university and school introduced a new curriculum after recent developments.,Education
The smartphone and cloud computing introduced new features after recent developments.,Technology
The football and football reached the final after recent developments.,Sports
The smartphone and machine learning uses advanced algorithms after recent developments.,Technology
The computer and technology was launched after recent developments.,Technology
The brand and business attracted new investors after recent developments.,Business
The actor and concert attracted a large audience after recent developments.,Entertainment
The leader and leader discussed the issue after recent developments.,Politics
The market and industry attracted new investors after recent developments.,Business
The college and research improved learning outcomes after recent developments.,Education
The team and match performed strongly after recent developments.,Sports
The student and university improved learning outcomes after recent developments.,Education
The movie and actress received positive reviews after recent developments.,Entertainment
The smartphone and cloud computing uses advanced algorithms after recent developments.,Technology
The artificial intelligence and smartphone received a major update after recent developments.,Technology
The campaign and political party addressed voters after recent developments.,Politics
The director and actor attracted a large audience after recent developments.,Entertainment
The market and investment increased sales after recent developments.,Business
The music and music was released worldwide after recent developments.,Entertainment
The university and school completed a new course after recent developments.,Education
The policy and policy announced a new policy after recent developments.,Politics
The college and school attended a training program after recent developments.,Education
The actor and film attracted a large audience after recent developments.,Entertainment
The bank and market attracted new investors after recent developments.,Business
The cricket and basketball performed strongly after recent developments.,Sports
The cybersecurity and smartphone was launched after recent developments.,Technology
The minister and election announced a new policy after recent developments.,Politics
The cybersecurity and computer improved performance after recent developments.,Technology
The software and software uses advanced algorithms after recent developments.,Technology
The artificial intelligence and cloud computing uses advanced algorithms after recent developments.,Technology
The football and tournament won the match after recent developments.,Sports
The student and research attended a training program after recent developments.,Education
The series and film was released worldwide after recent developments.,Entertainment
The series and concert won an award after recent developments.,Entertainment
The government and parliament discussed the issue after recent developments.,Politics
The tennis and basketball reached the final after recent developments.,Sports
The music and actor attracted a large audience after recent developments.,Entertainment
The concert and director became popular online after recent developments.,Entertainment
The brand and startup expanded its operations after recent developments.,Business
The student and school attended a training program after recent developments.,Education
The cricket and cricket reached the final after recent developments.,Sports
The political party and government presented a proposal after recent developments.,Politics
The political party and government presented a proposal after recent developments.,Politics
The student and course started a research project after recent developments.,Education
The brand and investment expanded its operations after recent developments.,Business
The brand and investment reported higher revenue after recent developments.,Business
The parliament and election presented a proposal after recent developments.,Politics
The computer and cloud computing was launched after recent developments.,Technology
The market and company attracted new investors after recent developments.,Business
The school and university improved learning outcomes after recent developments.,Education
The investment and company reported higher revenue after recent developments.,Business
The brand and bank increased sales after recent developments.,Business
The actress and concert received positive reviews after recent developments.,Entertainment
The leader and government announced a new policy after recent developments.,Politics
The education and teacher introduced a new curriculum after recent developments.,Education
The basketball and football performed strongly after recent developments.,Sports
The startup and market expanded its operations after recent developments.,Business
The concert and director became popular online after recent developments.,Entertainment
The college and college improved learning outcomes after recent developments.,Education
The football and team won the match after recent developments.,Sports
The bank and industry expanded its operations after recent developments.,Business
The brand and brand expanded its operations after recent developments.,Business
The cybersecurity and cloud computing introduced new features after recent developments.,Technology
The technology and technology introduced new features after recent developments.,Technology
The business and brand announced a new strategy after recent developments.,Business
The education and education started a research project after recent developments.,Education
The course and college introduced a new curriculum after recent developments.,Education
The research and school completed a new course after recent developments.,Education
The football and team won the tournament after recent developments.,Sports
The parliament and minister addressed voters after recent developments.,Politics
The student and teacher attended a training program after recent developments.,Education
The course and teacher completed a new course after recent developments.,Education
The teacher and course started a research project after recent developments.,Education
The government and parliament announced a new policy after recent developments.,Politics
The tennis and team won the tournament after recent developments.,Sports
The series and director became popular online after recent developments.,Entertainment
The leader and minister presented a proposal after recent developments.,Politics
The computer and artificial intelligence was launched after recent developments.,Technology
The leader and minister held a public meeting after recent developments.,Politics
The political party and election presented a proposal after recent developments.,Politics
The cloud computing and cybersecurity was launched after recent developments.,Technology
The series and movie won an award after recent developments.,Entertainment
The director and concert was released worldwide after recent developments.,Entertainment
The research and teacher attended a training program after recent developments.,Education
The campaign and election presented a proposal after recent developments.,Politics
The software and machine learning introduced new features after recent developments.,Technology
The concert and actress was released worldwide after recent developments.,Entertainment
The smartphone and artificial intelligence was launched after recent developments.,Technology
The cricket and player won the match after recent developments.,Sports
The market and business increased sales after recent developments.,Business
The football and match scored a goal after recent developments.,Sports
The government and minister announced a new policy after recent developments.,Politics
The market and startup expanded its operations after recent developments.,Business
The research and research improved learning outcomes after recent developments.,Education
The film and concert won an award after recent developments.,Entertainment
The cybersecurity and computer improved performance after recent developments.,Technology
The course and teacher attended a training program after recent developments.,Education
The brand and industry expanded its operations after recent developments.,Business
The software and artificial intelligence introduced new features after recent developments.,Technology
The bank and company expanded its operations after recent developments.,Business
The technology and cloud computing received a major update after recent developments.,Technology
The basketball and football performed strongly after recent developments.,Sports
The company and investment announced a new strategy after recent developments.,Business
The football and basketball performed strongly after recent developments.,Sports
The course and university improved learning outcomes after recent developments.,Education
The student and student completed a new course after recent developments.,Education
The parliament and parliament addressed voters after recent developments.,Politics
The machine learning and technology improved performance after recent developments.,Technology
The teacher and research attended a training program after recent developments.,Education
The bank and market increased sales after recent developments.,Business
The education and teacher attended a training program after recent developments.,Education
The movie and concert received positive reviews after recent developments.,Entertainment
The tournament and basketball reached the final after recent developments.,Sports
The actress and director became popular online after recent developments.,Entertainment
The research and university attended a training program after recent developments.,Education
The software and artificial intelligence introduced new features after recent developments.,Technology
The football and cricket won the tournament after recent developments.,Sports
The school and teacher completed a new course after recent developments.,Education
The school and student introduced a new curriculum after recent developments.,Education
The investment and business announced a new strategy after recent developments.,Business
The business and company expanded its operations after recent developments.,Business
The market and industry attracted new investors after recent developments.,Business
The parliament and political party discussed the issue after recent developments.,Politics
The match and tennis won the tournament after recent developments.,Sports
The team and tennis performed strongly after recent developments.,Sports
The college and college attended a training program after recent developments.,Education
The research and course introduced a new curriculum after recent developments.,Education
The policy and government presented a proposal after recent developments.,Politics
The team and football won the tournament after recent developments.,Sports
The series and concert received positive reviews after recent developments.,Entertainment
The teacher and education improved learning outcomes after recent developments.,Education
The parliament and policy announced a new policy after recent developments.,Politics
The policy and parliament presented a proposal after recent developments.,Politics
The business and investment expanded its operations after recent developments.,Business
The match and player won the match after recent developments.,Sports
The artificial intelligence and technology received a major update after recent developments.,Technology
The computer and cloud computing improved performance after recent developments.,Technology
The parliament and parliament announced a new policy after recent developments.,Politics
The election and campaign announced a new policy after recent developments.,Politics
The music and actress received positive reviews after recent developments.,Entertainment
The business and bank expanded its operations after recent developments.,Business
The film and music became popular online after recent developments.,Entertainment
The computer and machine learning received a major update after recent developments.,Technology
The cricket and tournament reached the final after recent developments.,Sports
The actress and actress received positive reviews after recent developments.,Entertainment
The team and football reached the final after recent developments.,Sports
The actress and movie became popular online after recent developments.,Entertainment
The company and investment announced a new strategy after recent developments.,Business
The industry and startup attracted new investors after recent developments.,Business
The actor and concert attracted a large audience after recent developments.,Entertainment
The actor and movie won an award after recent developments.,Entertainment
The leader and campaign announced a new policy after recent developments.,Politics
The college and school improved learning outcomes after recent developments.,Education
The government and campaign held a public meeting after recent developments.,Politics
The software and cloud computing uses advanced algorithms after recent developments.,Technology
The student and course started a research project after recent developments.,Education
The tennis and cricket won the tournament after recent developments.,Sports
The cricket and team performed strongly after recent developments.,Sports
The software and smartphone introduced new features after recent developments.,Technology
The government and parliament held a public meeting after recent developments.,Politics
The player and team won the match after recent developments.,Sports
The match and player won the tournament after recent developments.,Sports
The investment and startup attracted new investors after recent developments.,Business
The series and director won an award after recent developments.,Entertainment
The computer and artificial intelligence uses advanced algorithms after recent developments.,Technology
The minister and minister announced a new policy after recent developments.,Politics
The policy and minister held a public meeting after recent developments.,Politics
The investment and business reported higher revenue after recent developments.,Business
The policy and election held a public meeting after recent developments.,Politics
The company and business announced a new strategy after recent developments.,Business
The policy and campaign addressed voters after recent developments.,Politics
The concert and actress won an award after recent developments.,Entertainment
The music and movie was released worldwide after recent developments.,Entertainment
The policy and campaign presented a proposal after recent developments.,Politics
The leader and leader discussed the issue after recent developments.,Politics
The university and research improved learning outcomes after recent developments.,Education
The basketball and basketball won the tournament after recent developments.,Sports
The college and education improved learning outcomes after recent developments.,Education
The concert and film attracted a large audience after recent developments.,Entertainment
The school and teacher completed a new course after recent developments.,Education
The parliament and campaign held a public meeting after recent developments.,Politics
The education and research introduced a new curriculum after recent developments.,Education
The research and education introduced a new curriculum after recent developments.,Education
The tennis and player performed strongly after recent developments.,Sports
The campaign and election held a public meeting after recent developments.,Politics
The bank and industry reported higher revenue after recent developments.,Business
The director and actress received positive reviews after recent developments.,Entertainment
The minister and parliament addressed voters after recent developments.,Politics
The cricket and football performed strongly after recent developments.,Sports
The business and industry attracted new investors after recent developments.,Business
The parliament and government presented a proposal after recent developments.,Politics
The series and concert received positive reviews after recent developments.,Entertainment
The cricket and basketball won the tournament after recent developments.,Sports
The football and team performed strongly after recent developments.,Sports
The cloud computing and cloud computing improved performance after recent developments.,Technology
The campaign and government addressed voters after recent developments.,Politics
The cricket and match scored a goal after recent developments.,Sports
The minister and campaign announced a new policy after recent developments.,Politics
The film and film attracted a large audience after recent developments.,Entertainment
The team and basketball won the tournament after recent developments.,Sports
The actor and actor was released worldwide after recent developments.,Entertainment
The political party and campaign held a public meeting after recent developments.,Politics
The actress and actress was released worldwide after recent developments.,Entertainment
The artificial intelligence and cloud computing received a major update after recent developments.,Technology
The software and cloud computing introduced new features after recent developments.,Technology
The university and teacher attended a training program after recent developments.,Education
The parliament and political party announced a new policy after recent developments.,Politics
The school and student introduced a new curriculum after recent developments.,Education
The campaign and government discussed the issue after recent developments.,Politics
The startup and market reported higher revenue after recent developments.,Business
The computer and computer received a major update after recent developments.,Technology
The leader and policy held a public meeting after recent developments.,Politics
The smartphone and artificial intelligence received a major update after recent developments.,Technology
The basketball and match performed strongly after recent developments.,Sports
The cybersecurity and technology uses advanced algorithms after recent developments.,Technology
The brand and company increased sales after recent developments.,Business
The political party and parliament announced a new policy after recent developments.,Politics
The campaign and political party announced a new policy after recent developments.,Politics
The startup and business expanded its operations after recent developments.,Business
The education and course improved learning outcomes after recent developments.,Education
The computer and cloud computing improved performance after recent developments.,Technology
The parliament and leader presented a proposal after recent developments.,Politics
The music and music received positive reviews after recent developments.,Entertainment
The cricket and player scored a goal after recent developments.,Sports
The cybersecurity and software uses advanced algorithms after recent developments.,Technology
The school and teacher attended a training program after recent developments.,Education
The political party and parliament held a public meeting after recent developments.,Politics
The industry and bank increased sales after recent developments.,Business
The cybersecurity and machine learning introduced new features after recent developments.,Technology
The player and cricket scored a goal after recent developments.,Sports
The film and film was released worldwide after recent developments.,Entertainment
The actor and film won an award after recent developments.,Entertainment
The market and company reported higher revenue after recent developments.,Business
The cricket and cricket won the match after recent developments.,Sports
The university and research improved learning outcomes after recent developments.,Education
The student and teacher introduced a new curriculum after recent developments.,Education
The basketball and tennis won the match after recent developments.,Sports
The course and teacher improved learning outcomes after recent developments.,Education
The cybersecurity and software uses advanced algorithms after recent developments.,Technology
The artificial intelligence and cloud computing uses advanced algorithms after recent developments.,Technology
The election and government addressed voters after recent developments.,Politics
The technology and cloud computing improved performance after recent developments.,Technology
The tennis and tournament reached the final after recent developments.,Sports
The concert and series attracted a large audience after recent developments.,Entertainment
The tennis and player won the match after recent developments.,Sports
The teacher and school completed a new course after recent developments.,Education
The match and basketball reached the final after recent developments.,Sports
The parliament and campaign held a public meeting after recent developments.,Politics
The campaign and minister discussed the issue after recent developments.,Politics
The director and director became popular online after recent developments.,Entertainment
The machine learning and cybersecurity uses advanced algorithms after recent developments.,Technology
The leader and government addressed voters after recent developments.,Politics
The university and school completed a new course after recent developments.,Education
The team and football won the tournament after recent developments.,Sports
The business and investment reported higher revenue after recent developments.,Business
The player and tennis won the tournament after recent developments.,Sports
The tennis and football won the tournament after recent developments.,Sports
The bank and bank reported higher revenue after recent developments.,Business
The election and leader held a public meeting after recent developments.,Politics
The teacher and university attended a training program after recent developments.,Education
The leader and leader announced a new policy after recent developments.,Politics
The policy and policy presented a proposal after recent developments.,Politics
The parliament and leader presented a proposal after recent developments.,Politics
The artificial intelligence and smartphone received a major update after recent developments.,Technology
The music and movie received positive reviews after recent developments.,Entertainment
The campaign and policy presented a proposal after recent developments.,Politics
The brand and company attracted new investors after recent developments.,Business
The minister and election announced a new policy after recent developments.,Politics
The political party and minister announced a new policy after recent developments.,Politics
The leader and minister addressed voters after recent developments.,Politics
The cloud computing and smartphone received a major update after recent developments.,Technology
The investment and bank expanded its operations after recent developments.,Business
The brand and business announced a new strategy after recent developments.,Business
The government and campaign addressed voters after recent developments.,Politics
The course and education introduced a new curriculum after recent developments.,Education
The industry and bank announced a new strategy after recent developments.,Business
The company and market increased sales after recent developments.,Business
The parliament and parliament addressed voters after recent developments.,Politics
The actor and actor was released worldwide after recent developments.,Entertainment
The policy and parliament announced a new policy after recent developments.,Politics
The minister and parliament announced a new policy after recent developments.,Politics
The government and political party discussed the issue after recent developments.,Politics
The college and education improved learning outcomes after recent developments.,Education
The investment and market reported higher revenue after recent developments.,Business
The actor and actress attracted a large audience after recent developments.,Entertainment
The brand and industry increased sales after recent developments.,Business
The brand and startup increased sales after recent developments.,Business
The industry and industry reported higher revenue after recent developments.,Business
The actor and movie received positive reviews after recent developments.,Entertainment
The parliament and leader announced a new policy after recent developments.,Politics
The series and music became popular online after recent developments.,Entertainment
The company and industry announced a new strategy after recent developments.,Business
The director and music received positive reviews after recent developments.,Entertainment
The business and business attracted new investors after recent developments.,Business
The concert and film attracted a large audience after recent developments.,Entertainment
The investment and brand attracted new investors after recent developments.,Business
The campaign and minister presented a proposal after recent developments.,Politics
The technology and machine learning uses advanced algorithms after recent developments.,Technology
The basketball and team performed strongly after recent developments.,Sports
The concert and actress received positive reviews after recent developments.,Entertainment
The brand and industry reported higher revenue after recent developments.,Business
The policy and parliament presented a proposal after recent developments.,Politics
The brand and brand reported higher revenue after recent developments.,Business
The teacher and course introduced a new curriculum after recent developments.,Education
The student and university started a research project after recent developments.,Education
The concert and director won an award after recent developments.,Entertainment
The football and player performed strongly after recent developments.,Sports
The artificial intelligence and artificial intelligence was launched after recent developments.,Technology
The school and research started a research project after recent developments.,Education
The university and university improved learning outcomes after recent developments.,Education
The technology and software was launched after recent developments.,Technology
The education and education attended a training program after recent developments.,Education
The government and policy presented a proposal after recent developments.,Politics
The actor and movie attracted a large audience after recent developments.,Entertainment
The series and movie was released worldwide after recent developments.,Entertainment
The investment and market attracted new investors after recent developments.,Business
The market and company increased sales after recent developments.,Business
The student and school started a research project after recent developments.,Education
The bank and company reported higher revenue after recent developments.,Business
The business and startup announced a new strategy after recent developments.,Business
The basketball and football won the match after recent developments.,Sports
The course and education improved learning outcomes after recent developments.,Education
The cloud computing and machine learning was launched after recent developments.,Technology
The business and industry attracted new investors after recent developments.,Business
The film and concert won an award after recent developments.,Entertainment
The film and actor received positive reviews after recent developments.,Entertainment
The university and school started a research project after recent developments.,Education
The research and education attended a training program after recent developments.,Education
The match and basketball scored a goal after recent developments.,Sports
The tournament and match reached the final after recent developments.,Sports
The series and director was released worldwide after recent developments.,Entertainment
The team and team reached the final after recent developments.,Sports
The movie and series received positive reviews after recent developments.,Entertainment
The player and match won the tournament after recent developments.,Sports
The computer and software received a major update after recent developments.,Technology
The computer and artificial intelligence improved performance after recent developments.,Technology
The artificial intelligence and cloud computing uses advanced algorithms after recent developments.,Technology
The smartphone and artificial intelligence uses advanced algorithms after recent developments.,Technology
The investment and company reported higher revenue after recent developments.,Business
The director and actress received positive reviews after recent developments.,Entertainment
The series and movie was released worldwide after recent developments.,Entertainment
The market and brand announced a new strategy after recent developments.,Business
The director and actor received positive reviews after recent developments.,Entertainment
The leader and minister held a public meeting after recent developments.,Politics
The company and investment reported higher revenue after recent developments.,Business
The tournament and tournament reached the final after recent developments.,Sports
The team and player reached the final after recent developments.,Sports
The music and actress attracted a large audience after recent developments.,Entertainment
The actress and actor attracted a large audience after recent developments.,Entertainment
The technology and smartphone introduced new features after recent developments.,Technology
The software and cloud computing introduced new features after recent developments.,Technology
The tournament and match performed strongly after recent developments.,Sports
The university and education improved learning outcomes after recent developments.,Education
The player and football reached the final after recent developments.,Sports
The college and teacher completed a new course after recent developments.,Education
The series and actress won an award after recent developments.,Entertainment
The course and college attended a training program after recent developments.,Education
The cybersecurity and machine learning uses advanced algorithms after recent developments.,Technology
The bank and industry expanded its operations after recent developments.,Business
The computer and cloud computing uses advanced algorithms after recent developments.,Technology
The concert and series won an award after recent developments.,Entertainment
The campaign and government addressed voters after recent developments.,Politics
The cybersecurity and machine learning received a major update after recent developments.,Technology
The policy and political party discussed the issue after recent developments.,Politics
The student and student completed a new course after recent developments.,Education
The technology and smartphone uses advanced algorithms after recent developments.,Technology
The research and student completed a new course after recent developments.,Education
The match and tennis scored a goal after recent developments.,Sports
The player and basketball won the tournament after recent developments.,Sports
The industry and industry announced a new strategy after recent developments.,Business
The artificial intelligence and cloud computing introduced new features after recent developments.,Technology
The investment and market announced a new strategy after recent developments.,Business
The director and director received positive reviews after recent developments.,Entertainment
The bank and market increased sales after recent developments.,Business
The government and campaign held a public meeting after recent developments.,Politics
The movie and movie was released worldwide after recent developments.,Entertainment
The concert and music became popular online after recent developments.,Entertainment
The political party and leader held a public meeting after recent developments.,Politics
The music and music became popular online after recent developments.,Entertainment
The tournament and cricket reached the final after recent developments.,Sports
The player and match scored a goal after recent developments.,Sports
The teacher and school attended a training program after recent developments.,Education
The market and bank announced a new strategy after recent developments.,Business
The political party and campaign presented a proposal after recent developments.,Politics
The parliament and campaign announced a new policy after recent developments.,Politics
The tournament and team won the tournament after recent developments.,Sports
The campaign and policy held a public meeting after recent developments.,Politics
The college and research introduced a new curriculum after recent developments.,Education
The industry and market increased sales after recent developments.,Business
The parliament and policy discussed the issue after recent developments.,Politics
The education and student completed a new course after recent developments.,Education
The team and team won the tournament after recent developments.,Sports
The team and basketball performed strongly after recent developments.,Sports
The cybersecurity and computer received a major update after recent developments.,Technology
The investment and investment announced a new strategy after recent developments.,Business
The artificial intelligence and cybersecurity received a major update after recent developments.,Technology
The leader and minister discussed the issue after recent developments.,Politics
The football and team reached the final after recent developments.,Sports
The university and college started a research project after recent developments.,Education
The tournament and cricket scored a goal after recent developments.,Sports
The business and industry expanded its operations after recent developments.,Business
The actress and film won an award after recent developments.,Entertainment
The school and education completed a new course after recent developments.,Education
The government and campaign announced a new policy after recent developments.,Politics
The industry and brand expanded its operations after recent developments.,Business
The election and leader held a public meeting after recent developments.,Politics
The startup and bank expanded its operations after recent developments.,Business
The university and course started a research project after recent developments.,Education
The cricket and tennis scored a goal after recent developments.,Sports
The teacher and education introduced a new curriculum after recent developments.,Education
The bank and startup attracted new investors after recent developments.,Business
The market and business reported higher revenue after recent developments.,Business
The actress and concert was released worldwide after recent developments.,Entertainment
The cybersecurity and technology improved performance after recent developments.,Technology
The school and course introduced a new curriculum after recent developments.,Education
The bank and investment expanded its operations after recent developments.,Business
The computer and artificial intelligence was launched after recent developments.,Technology
The football and cricket won the tournament after recent developments.,Sports
The political party and parliament announced a new policy after recent developments.,Politics
The software and cybersecurity was launched after recent developments.,Technology
The music and concert became popular online after recent developments.,Entertainment
The artificial intelligence and artificial intelligence uses advanced algorithms after recent developments.,Technology
The course and education introduced a new curriculum after recent developments.,Education
The series and concert became popular online after recent developments.,Entertainment
The cybersecurity and software introduced new features after recent developments.,Technology
The student and course improved learning outcomes after recent developments.,Education
The policy and parliament announced a new policy after recent developments.,Politics
The artificial intelligence and technology was launched after recent developments.,Technology
The college and student completed a new course after recent developments.,Education
The campaign and government announced a new policy after recent developments.,Politics
The basketball and tournament won the tournament after recent developments.,Sports
The student and school started a research project after recent developments.,Education
The movie and music won an award after recent developments.,Entertainment
The campaign and leader announced a new policy after recent developments.,Politics
The football and player won the tournament after recent developments.,Sports
The minister and leader discussed the issue after recent developments.,Politics
The cloud computing and machine learning improved performance after recent developments.,Technology
The concert and movie received positive reviews after recent developments.,Entertainment
The artificial intelligence and artificial intelligence introduced new features after recent developments.,Technology
The tennis and tournament won the tournament after recent developments.,Sports
The film and series attracted a large audience after recent developments.,Entertainment
The film and director became popular online after recent developments.,Entertainment
The music and film became popular online after recent developments.,Entertainment
The election and policy announced a new policy after recent developments.,Politics
The university and education completed a new course after recent developments.,Education
The minister and minister presented a proposal after recent developments.,Politics
The director and director attracted a large audience after recent developments.,Entertainment
